{
  "configs": [
    "router.xml",
    "errors.xml",
    "config.xml",
    "logic.xml"
  ],
  "secureProperties": [],
  "redeploymentEnabled": true,
  "name": "mule4-skeleton-api",
  "minMuleVersion": "4.1.1",
  "requiredProduct": "MULE_EE",
  "classLoaderModelLoaderDescriptor": {
    "id": "mule",
    "attributes": {
      "exportedResources": [
        "api/.gitignore",
        "api/api.raml",
        "api/examples/ping/get-response.json",
        "api/examples/ping/put-request.json",
        "api/examples/ping/put-response.json"
      ]
    }
  },
  "bundleDescriptorLoader": {
    "id": "mule",
    "attributes": {}
  }
}
