<?xml version="1.0" encoding="UTF-8"?>
<policy xmlns="http://www.mulesoft.org/schema/mule/policy"
        xmlns:xsi="http://www.w3.org/2001/XMLSchema-instance"
        xmlns:spring="http://www.springframework.org/schema/beans"
        xmlns:mule="http://www.mulesoft.org/schema/mule/core"
        xmlns:mule-ss="http://www.mulesoft.org/schema/mule/spring-security"
        xmlns:ss="http://www.springframework.org/schema/security"
        xmlns:api-platform-gw="http://www.mulesoft.org/schema/mule/api-platform-gw"
        xmlns:http="http://www.mulesoft.org/schema/mule/http"
        xmlns:dw="http://www.mulesoft.org/schema/mule/ee/dw"
        xsi:schemaLocation=
        	 "http://www.mulesoft.org/schema/mule/policy http://www.mulesoft.org/schema/mule/policy/current/mule-policy.xsd
              http://www.springframework.org/schema/beans http://www.springframework.org/schema/beans/spring-beans-current.xsd
              http://www.mulesoft.org/schema/mule/spring-security http://www.mulesoft.org/schema/mule/spring-security/current/mule-spring-security.xsd
              http://www.springframework.org/schema/security http://www.springframework.org/schema/security/spring-security-current.xsd
              http://www.mulesoft.org/schema/mule/api-platform-gw http://www.mulesoft.org/schema/mule/api-platform-gw/current/mule-api-platform-gw.xsd
              http://www.mulesoft.org/schema/mule/core http://www.mulesoft.org/schema/mule/core/current/mule.xsd
              http://www.mulesoft.org/schema/mule/http http://www.mulesoft.org/schema/mule/http/current/mule-http.xsd
			  http://www.mulesoft.org/schema/mule/ee/dw http://www.mulesoft.org/schema/mule/ee/dw/current/dw.xsd"
        >
    
    <pointcut>
        <!--
            This file is a policy template, in the final XML deployed to Mule
            the names surrounded by double bracket will be replaced with
            configuration parameters.
        -->
        <api-platform-gw:api-pointcut apiName="{{ apiName }}" apiVersion="{{ apiVersionName }}"/>
    </pointcut>

    <!-- 
        The before tag executes before your API flows. In this tag you can
        filter or manipulate the incoming message.
    -->
    <http:request-config name="HTTP_Request_Configuration" protocol="HTTPS" host="#[flowVars.host]" port="#[Integer.parseInt(flowVars.port)]" basePath="#[flowVars.basePath]"/>
    <mule:expression-filter name="AccessDeniedFilter" expression="#[flowVars.isAuthenticated]"/>
    <mule:processor-chain name="policyAuthenticationViolation">
    	<mule:set-property propertyName="http.status" value="401"/>
      	<mule:set-property propertyName="Content-Type" value="application/json"/>
		<mule:set-payload value='{"message":"Expired or invalid token"}' />
  	</mule:processor-chain>
    <before>
    	<mule:set-variable variableName="protocol" value="{{protocol}}"/>
    	<mule:set-variable variableName="port" value="{{port}}"/>
    	<mule:set-variable variableName="host" value="{{host}}"/>
    	<mule:set-variable variableName="basePath" value="{{basePath}}"/>
    	<!-- The enricher is to not modify the original message, so if pass the filter I don't have to do nothing -->
    	<mule:enricher>
	        <mule:processor-chain>
		        <!-- get the token from header -->
		        <mule:set-variable variableName="token" value="#[message.inboundProperties['Authorization']]"/>
		        
		        <!-- Create the body to pass the token to the validation api -->
		        <dw:transform-message>
		            <dw:set-payload>
		            <![CDATA[%dw 1.0
						%output application/json
						---
						{
							token: (flowVars.token default "") replace "Bearer " with "" 
						}
					]]>
					</dw:set-payload>
		       	</dw:transform-message>
		       	
		       	<http:request config-ref="HTTP_Request_Configuration" path="/validate" method="POST">
		        	<http:request-builder>
		                <http:header headerName="Content-Type" value="application/json"/>
		            </http:request-builder>
		        </http:request>
		        
			    <mule:logger message="#[message]"></mule:logger>
		    </mule:processor-chain>
		    
		    <!-- Set the status and payload from the response into the variables to use in the filter -->
		    <mule:enrich target="#[flowVars['isAuthenticated']]" source="#[message.inboundProperties.'http.status'  == 200 ]"/>
		    <mule:enrich target="#[flowVars['validationResponse']]" source="#[payload]"/>
		</mule:enricher>
		<mule:message-filter onUnaccepted="policyAuthenticationViolation">
			<mule:filter ref="AccessDeniedFilter" />
	    </mule:message-filter>
    </before>
    
</policy>