<?xml version="1.0" encoding="UTF-8"?>
<policy policyName="ACL Method Level Auth"
        xmlns="http://www.mulesoft.org/schema/mule/policy"
        xmlns:xsi="http://www.w3.org/2001/XMLSchema-instance"
        xmlns:spring="http://www.springframework.org/schema/beans"
        xmlns:mule-ss="http://www.mulesoft.org/schema/mule/spring-security"
        xmlns:ss="http://www.springframework.org/schema/security"
        xmlns:api-platform-gw="http://www.mulesoft.org/schema/mule/api-platform-gw"
        xmlns:db="http://www.mulesoft.org/schema/mule/db"
        xmlns:mule="http://www.mulesoft.org/schema/mule/core"
        xmlns:doc="http://www.mulesoft.org/schema/mule/documentation"
        xsi:schemaLocation="http://www.mulesoft.org/schema/mule/policy http://www.mulesoft.org/schema/mule/policy/current/mule-policy.xsd
              http://www.springframework.org/schema/beans http://www.springframework.org/schema/beans/spring-beans-current.xsd
              http://www.mulesoft.org/schema/mule/spring-security http://www.mulesoft.org/schema/mule/spring-security/current/mule-spring-security.xsd
              http://www.springframework.org/schema/security http://www.springframework.org/schema/security/spring-security-current.xsd
              http://www.mulesoft.org/schema/mule/api-platform-gw http://www.mulesoft.org/schema/mule/api-platform-gw/current/mule-api-platform-gw.xsd
              http://www.mulesoft.org/schema/mule/db http://www.mulesoft.org/schema/mule/db/current/mule-db.xsd
              http://www.mulesoft.org/schema/mule/core http://www.mulesoft.org/schema/mule/core/current/mule.xsd">
             
    <mule:processor-chain name="UnauthorizedResponse">
    	<mule:set-property propertyName="http.status" value="401"/>
    	<mule:set-payload value="Not Authorized"/>
    </mule:processor-chain>
    
    <before>
    	<mule:set-variable variableName="match" value="_NONE_"/>
    	<!--mule:set-variable variableName="HttpMethod" value="#[message.inboundProperties['http.method']]"/-->
        
        <mule:expression-component><![CDATA[
//get the username from basic auth header
String decoded = new String(java.util.Base64.getUrlDecoder().decode(message.inboundProperties['authorization'].substring("Basic ".length())));
String username = decoded.split(":")[0];
flowVars['username'] = username;

//the ACL
String param = "{{acl}}";

//fix escaping of slash in &'dollar'x2F; format
String escaped_slash = new String(new int[]{ 38,35,120,50,70,59 });
param = param.replace(escaped_slash, "/");

//split by line
String[] acls = param.split("\\r?\\n");
String userAcl = "";

//find the right line for current user
foreach (a : acls) {
    if (a.indexOf(":") > -1 && a.substring(0, a.indexOf(":")) == username) {
        userAcl = a.substring(a.indexOf(":")+1);
    }
}

flowVars['userAcl'] = userAcl;

//split acl with comma
String[] templates = userAcl.split(",");

//find a match in acl for current user in current URI
foreach (t : templates) {
    t = t.trim();

    //uses Spring URI template which allow matching of the form /somethingincurlybraket to /aparamtervalue
    //it requires a full http path (thus addition of http://com.foo.bar)
    //we also remove the base path e.g. /api
    uriTemplate = new org.springframework.web.util.UriTemplate("http://com.foo.bar" + t );
    boolean isMatchFound = uriTemplate.matches("http://com.foo.bar" + message.inboundProperties['http.request.path'].substring({{base_path_length}}));

    if (isMatchFound) {
        flowVars['match'] = t;        
    }
}

flowVars['path'] = message.inboundProperties['http.request.path'].substring({{base_path_length}});

]]></mule:expression-component>
         		
 		<mule:choice>
 			<mule:when expression="#[flowVars.match != '_NONE_']">
    			<mule:set-variable variableName="Authorized" value="#[true]"/>
            </mule:when>    			
    		<mule:otherwise>
                <mule:set-variable variableName="Authorized" value="#[false]"/>
    		</mule:otherwise>
    	
    	</mule:choice>
    	
        <mule:logger level="INFO" message="ACL POLICY - User: #[flowVars.username], User ACL: #[flowVars.userAcl], Current path: #[flowVars.path], Match: #[flowVars.match], Authorized: #[flowVars.Authorized]"/>
    	
    	<mule:message-filter onUnaccepted="UnauthorizedResponse">
	    	<mule:expression-filter expression="#[flowVars.Authorized]"/>
    	</mule:message-filter>

        <mule:remove-variable variableName="userAcl"/>
        <mule:remove-variable variableName="path"/>
        <mule:remove-variable variableName="match"/>
        <mule:remove-variable variableName="Authorized"/>
    </before>

     
    <!-- Pointcuts specify where this policy takes effect. 
         The pointcut refers to a specific API and Version. -->
    <pointcut>
        <endpoint regex=".*" />
    </pointcut>

</policy>