<?xml version="1.0" encoding="UTF-8"?>
<policy online="true" id="{{policyId}}" policyName="Throttling SLA Based"
	xmlns="http://www.mulesoft.org/schema/mule/policy"
	xmlns:xsi="http://www.w3.org/2001/XMLSchema-instance"
	xmlns:throttling-gw="http://www.mulesoft.org/schema/mule/throttling-gw"
	xmlns:api-platform-gw="http://www.mulesoft.org/schema/mule/api-platform-gw"
	xmlns:mule="http://www.mulesoft.org/schema/mule/core"
	xmlns:http="http://www.mulesoft.org/schema/mule/http"
	xmlns:json="http://www.mulesoft.org/schema/mule/json"
	xmlns:scripting="http://www.mulesoft.org/schema/mule/scripting"
	xsi:schemaLocation="
		http://www.mulesoft.org/schema/mule/policy http://www.mulesoft.org/schema/mule/policy/current/mule-policy.xsd
		http://www.mulesoft.org/schema/mule/http http://www.mulesoft.org/schema/mule/http/current/mule-http.xsd
		http://www.mulesoft.org/schema/mule/core http://www.mulesoft.org/schema/mule/core/current/mule.xsd
		http://www.mulesoft.org/schema/mule/scripting http://www.mulesoft.org/schema/mule/scripting/current/mule-scripting.xsd
        http://www.mulesoft.org/schema/mule/throttling-gw http://www.mulesoft.org/schema/mule/throttling-gw/current/mule-throttling-gw.xsd
        http://www.mulesoft.org/schema/mule/api-platform-gw http://www.mulesoft.org/schema/mule/api-platform-gw/current/mule-api-platform-gw.xsd
        http://www.mulesoft.org/schema/mule/json http://www.mulesoft.org/schema/mule/json/current/mule-json.xsd
 ">

	<mule:expression-filter expression="#[isAuthenticated == false]" name="AccessDeniedFilter"/>

	<mule:processor-chain name="policyViolation">
    	<mule:set-property propertyName="http.status" value="403"/>
      <mule:set-property propertyName="Content-Type" value="application/xml"/>
			<mule:set-payload value="&lt;soap:Envelope xmlns:soap=&quot;http://www.w3.org/2003/05/soap-envelope&quot;&gt;&lt;soap:Body&gt;&lt;soap:Fault&gt;&lt;soap:Code&gt;&lt;soap:Value&gt;soap:Receiver&lt;/soap:Value&gt;&lt;/soap:Code&gt;&lt;soap:Reason&gt;&lt;soap:Text xml:lang=&quot;en&quot;&gt;No se pudo procesar el token del certificado&lt;/soap:Text&gt;&lt;/soap:Reason&gt;&lt;/soap:Fault&gt;&lt;/soap:Body&gt;&lt;/soap:Envelope&gt;" />
  </mule:processor-chain>

	<before>
		<mule:set-variable variableName="originalPayload" value="#[payload:java.lang.String]" />
		<mule:set-variable variableName="isAuthenticated" value="#[false]" />
		<mule:set-variable variableName="wsaaUrl" value="{{ wsaaUrl }}" />
		<mule:set-variable variableName="certificateAbsolutePath" value="{{ certificateAbsolutePath }}" />

		<!--
		<mule:logger message="Configuration Parameter -> WSSA Host = #[flowVars.wsaaUrl]" level="DEBUG" />
		<mule:logger message="Configuration Parameter -> Certificate Path = #[flowVars.certificateAbsolutePath]" level="DEBUG" />
		<mule:logger message="Configuration Parameter -> Certificate Pass = {{ certificatePassword }}" level="DEBUG" />
		<mule:logger message="Configuration Parameter -> Certificate Alias = {{ certificateAlias }}" level="DEBUG" />
		<mule:logger message="Configuration Parameter -> Debug Mode = {{ debugMode }}" level="DEBUG" />
		-->

		<scripting:component>
				<scripting:script engine="Groovy"><![CDATA[
					import java.security.KeyStore
					import java.security.PrivateKey
					import java.security.Security
					import java.security.cert.CertStore
					import java.security.cert.CollectionCertStoreParameters
					import java.security.cert.X509Certificate
					import java.text.SimpleDateFormat
					import org.bouncycastle.cms.CMSProcessable
					import org.bouncycastle.cms.CMSProcessableByteArray
					import org.bouncycastle.cms.CMSSignedData
					import org.bouncycastle.cms.CMSSignedDataGenerator
					import org.bouncycastle.jce.provider.BouncyCastleProvider
					import org.apache.http.client.HttpClient
					import org.apache.http.client.methods.HttpPost
					import org.apache.http.entity.StringEntity
					import org.apache.http.impl.client.DefaultHttpClient

					String p12file = flowVars.certificateAbsolutePath
					String p12pass = "{{ certificatePassword }}"
					String alias = "{{ certificateAlias }}"
					String service = "veconsumerws"
					Integer ticketTime = 360000

					KeyStore ks = KeyStore.getInstance("pkcs12")
					FileInputStream p12stream = new FileInputStream(new File(p12file))
					ks.load(p12stream, p12pass.toCharArray())
					p12stream.close()

					// Get Certificate & Private key from KeyStore
					def pKey = (PrivateKey) ks.getKey(alias, p12pass.toCharArray())
					def pCertificate = (X509Certificate)ks.getCertificate(alias)

					// Create a list of Certificates to include in the final CMS
					ArrayList<X509Certificate> certList = new ArrayList<X509Certificate>()
					certList.add(pCertificate)

					if (Security.getProvider("BC") == null) {
						Security.addProvider(new BouncyCastleProvider())
					}

					def cstore = CertStore.getInstance("Collection", new CollectionCertStoreParameters (certList), "BC")

					SimpleDateFormat sdf = new SimpleDateFormat("yyyy-MM-dd'T'HH:mm:ssX:00")
					Calendar genTime = Calendar.getInstance()
					Calendar expTime = (Calendar)genTime.clone()
					expTime.add(Calendar.MILLISECOND, ticketTime)

					def UniqueId = (genTime.getTimeInMillis() / 1000).longValue()
					def XMLGenTime = sdf.format(genTime.getTime())
					def XMLExpTime = sdf.format(expTime.getTime())

					def requestTemplate = """<?xml version="1.0" encoding="UTF-8"?>
					<loginTicketRequest version="1.0">
						<header>
								<uniqueId>$UniqueId</uniqueId>
								<generationTime>$XMLGenTime</generationTime>
								<expirationTime>$XMLExpTime</expirationTime>
							</header>
						<service>$service</service>
					</loginTicketRequest>"""

					CMSSignedDataGenerator gen = new CMSSignedDataGenerator()
					gen.addSigner(pKey, pCertificate, CMSSignedDataGenerator.DIGEST_SHA1)
					gen.addCertificatesAndCRLs(cstore)
					CMSProcessable data = new CMSProcessableByteArray(requestTemplate.getBytes())
					CMSSignedData signed = gen.generate(data, true, "BC")

					def signedContent = signed.getEncoded().encodeBase64()

					def cmsTemplate = """<?xml version='1.0' encoding='UTF-8'?>
					<soapenv:Envelope xmlns:soapenv="http://schemas.xmlsoap.org/soap/envelope/" xmlns:wsaa="http://wsaa.view.sua.dvadac.desein.afip.gov">
						<soapenv:Header/>
						<soapenv:Body>
							<wsaa:loginCms>
								<wsaa:in0>$signedContent</wsaa:in0>
							</wsaa:loginCms>
						</soapenv:Body>
					</soapenv:Envelope>
					"""

					HttpClient client = new DefaultHttpClient()
					HttpPost post = new HttpPost(flowVars.wsaaUrl)
					post.setEntity(new StringEntity(cmsTemplate, "UTF-8"))
					post.setHeader("Content-Type","application/soap+xmlcharset=UTF-8")
					post.setHeader("SOAPAction","")
					def response = client.execute(post)
					def loginResponse = response.entity.content.text

					return loginResponse
					]]>
			</scripting:script>
		</scripting:component>

		<!--
		<mule:logger message="Payload before xpath" level="DEBUG" />
		<mule:logger message="#[payload:java.lang.String]" level="DEBUG" />
		-->

		<mule:set-payload value="#[xpath3('/')]" />
		<mule:message-properties-transformer scope="invocation">
			<mule:add-message-property key="afipToken" value="#[xpath('/loginTicketResponse/credentials/token').text]"/>
			<mule:add-message-property key="afipSign" value="#[xpath('/loginTicketResponse/credentials/sign').text]"/>
			<mule:delete-message-property key="content-length"/>
		</mule:message-properties-transformer>

		<scripting:component>
				<scripting:script engine="Groovy"><![CDATA[
					import groovy.xml.XmlUtil

					def param = [:]
					param["sign"] = flowVars.afipSign
					param["token"] = flowVars.afipToken

					def xml = new XmlSlurper().parseText(flowVars.originalPayload)
					param.each { key,value ->
						xml.'**'.findAll { if(it.name() == key) it.replaceBody value }
					}

					def xmlResponse = XmlUtil.serialize(xml)
					message.setInboundProperty("content-length", xmlResponse.length())
					return xmlResponse]]>
				</scripting:script>
		</scripting:component>

		<!--
		<mule:logger message="Final Request Payload" level="DEBUG" />
		<mule:logger message="#[payload:java.lang.String]" level="DEBUG" />
		-->

		<mule:message-filter onUnaccepted="policyViolation">
			<mule:filter ref="AccessDeniedFilter" />
    </mule:message-filter>

		<!-- Cleanup -->
    <mule:remove-variable variableName="afipToken"  />
    <mule:remove-variable variableName="afipSign"  />
		<mule:remove-variable variableName="originalPayload" />
		<mule:remove-variable variableName="isAuthenticated" />
		<mule:remove-variable variableName="wsaaUrl" />
		<mule:remove-variable variableName="certificateAbsolutePath" />
	</before>

	<pointcut>
		<api-platform-gw:api-pointcut apiName="{{apiName}}" apiVersion="{{apiVersionName}}" />
	</pointcut>

</policy>
