<?xml version="1.0" encoding="UTF-8"?>
<policy xmlns="http://www.mulesoft.org/schema/mule/policy"
        xmlns:mule="http://www.mulesoft.org/schema/mule/core"
		xmlns:spring="http://www.springframework.org/schema/beans"
		xmlns:https="http://www.mulesoft.org/schema/mule/https"
		xmlns:cxf="http://www.mulesoft.org/schema/mule/cxf"
        xmlns:xsi="http://www.w3.org/2001/XMLSchema-instance"
        xmlns:api-platform-gw="http://www.mulesoft.org/schema/mule/api-platform-gw"
        xsi:schemaLocation="http://www.mulesoft.org/schema/mule/policy http://www.mulesoft.org/schema/mule/policy/current/mule-policy.xsd
              http://www.mulesoft.org/schema/mule/core http://www.mulesoft.org/schema/mule/core/current/mule.xsd
			  http://www.springframework.org/schema/beans http://www.springframework.org/schema/beans/spring-beans-current.xsd
			  http://www.mulesoft.org/schema/mule/cxf http://www.mulesoft.org/schema/mule/cxf/current/mule-cxf.xsd
			  http://www.mulesoft.org/schema/mule/https http://www.mulesoft.org/schema/mule/http/current/mule-https.xsd
              http://www.mulesoft.org/schema/mule/api-platform-gw http://www.mulesoft.org/schema/mule/api-platform-gw/current/mule-api-platform-gw.xsd">
  
   
	<spring:bean name="customComponent" class="com.mulesoft.policy.azure.TokenValidator">
		
		<spring:property name="inIssuer" value="{{ inIssuer }}"/>
		<spring:property name="audience" value="{{ inAudience }}"/>
		 <spring:property name="certFile" value="{{certFile}}"/>
	</spring:bean>
	<!-- <http:request-config name="HTTP_Request_Configuration" host="localhost" port="8081" basePath="api" /> -->	
		
    <before>
		<mule:byte-array-to-string-transformer/>
		<mule:logger level="INFO" message="Printing Auth Header - #[message.inboundProperties['Authorization']]"/>
		
		
        <mule:set-variable variableName="JWT" value="#[message.inboundProperties['Authorization']]"/>
       
	    <mule:logger level="INFO" message="JWT Value is - #[message.inboundProperties['Authorization']]"/>
	    
 	 	<mule:invoke object-ref="customComponent" method="verifySignedToken" methodArguments="#[message.inboundProperties['Authorization']]" name="JWTValidator"/>
 	 	<mule:logger level="INFO" />
 	 	<mule:choice >
            <mule:when expression="#[payload is org.mule.transport.NullPayload]">
           		 <mule:logger message="Error in getting the Token" level="INFO" />
           		 <mule:set-property propertyName="http.status" value="401" /> 
           		 <mule:set-payload value="Policy Check Failed" />
           		  <mule:message-filter throwOnUnaccepted="false">
          			 <mule:expression-filter expression="#[true]" />
      			 </mule:message-filter>     
            </mule:when>
            <mule:when expression="#[payload == 'Invalid Issuer']">
            	<mule:logger message="Error in getting the Token" level="INFO" />
            	<mule:set-property propertyName="http.status" value="401" /> 
            	<mule:message-filter throwOnUnaccepted="false">
          			 <mule:expression-filter expression="#[true]" />
      			 </mule:message-filter>     
            </mule:when>
             <mule:when expression="#[payload == 'Invalid Audience']">
            	<mule:logger message="Error in getting the Token" level="INFO" />
            	<mule:set-property propertyName="http.status" value="401" /> 
            	<mule:message-filter throwOnUnaccepted="false">
          			 <mule:expression-filter expression="#[true]" />
      			 </mule:message-filter>     
            </mule:when>
            <mule:otherwise>
                <mule:set-session-variable variableName="upn" value="#[payload]"/>
                <mule:set-property propertyName="UPN" value="#[payload]" />
                <mule:logger level="INFO" message="#[payload]"/>
            </mule:otherwise>
        </mule:choice>
        <!--<mule:expression-component><![CDATA[app.registry.jwtCustomValidator.verifySignedToken(flowVars.JWT);]]></mule:expression-component>
        <mule:logger level="INFO" message="#[message.id] - Received Request: #[payload] with JWT Token: #[flowVars.JWT]"/>-->
	
    </before>
	<after>
	 <!--   <mule:set-payload value="Setting a value in Policy" /> -->
		 <mule:logger message="Applied Polciy for inbound request" level="INFO" />
	</after>  
    <pointcut>
       <api-platform-gw:api-pointcut apiName="{{ apiName }}" apiVersion="{{ apiVersionName }}"/>
    </pointcut>
  
</policy>