<?xml version="1.0" encoding="UTF-8"?>
<policy xmlns="http://www.mulesoft.org/schema/mule/policy"
        xmlns:mule="http://www.mulesoft.org/schema/mule/core"
		xmlns:spring="http://www.springframework.org/schema/beans"
		xmlns:cxf="http://www.mulesoft.org/schema/mule/cxf"
        xmlns:xsi="http://www.w3.org/2001/XMLSchema-instance"
        xmlns:api-platform-gw="http://www.mulesoft.org/schema/mule/api-platform-gw"
        xsi:schemaLocation="http://www.mulesoft.org/schema/mule/policy http://www.mulesoft.org/schema/mule/policy/current/mule-policy.xsd
              http://www.mulesoft.org/schema/mule/core http://www.mulesoft.org/schema/mule/core/current/mule.xsd
			  http://www.springframework.org/schema/beans http://www.springframework.org/schema/beans/spring-beans-current.xsd
			  http://www.mulesoft.org/schema/mule/cxf http://www.mulesoft.org/schema/mule/cxf/current/mule-cxf.xsd
              http://www.mulesoft.org/schema/mule/api-platform-gw http://www.mulesoft.org/schema/mule/api-platform-gw/current/mule-api-platform-gw.xsd">
  
	<spring:bean name="samlCustomValidator" class="com.mulesoft.policy.saml.SAMLValidator">
		<spring:property name="issuer" value="{{ issuer }}"/>
		<spring:property name="subject" value="{{ subject }}"/>
		<spring:property name="requireSenderVouches" value="{{ requireSenderVouches }}"/>
	</spring:bean>
		
    <before>
		<mule:byte-array-to-string-transformer/>
		
		<!-- <mule:logger level="DEBUG" message="BEFORE: #[message.payload]"/>
		 -->
		<mule:set-variable variableName="originalRequest" value="#[message.payload]"/>
		
        <cxf:proxy-service payload="envelope">
            <!--
			<cxf:ws-security>
                <cxf:ws-config>
                    <cxf:property key="action" value="SAMLTokenUnsigned Signature"/>
                    <cxf:property key="signaturePropFile" value="org/mule/module/cxf/wssec/wssecurity.properties" />
                </cxf:ws-config>
                <cxf:ws-custom-validator>
                    <cxf:saml1-token-validator ref="samlCustomValidator" />
                    <cxf:saml2-token-validator ref="samlCustomValidator"/>
                </cxf:ws-custom-validator>
            </cxf:ws-security>
		    -->
			<cxf:ws-security>	
	            <cxf:ws-config>
	                <cxf:property key="action" value="SAMLTokenUnsigned"/>
	            </cxf:ws-config>
	            <cxf:ws-custom-validator>
	                <cxf:saml1-token-validator ref="samlCustomValidator" />
	                <cxf:saml2-token-validator ref="samlCustomValidator"/>
	            </cxf:ws-custom-validator>	
			</cxf:ws-security>		
        </cxf:proxy-service>
		
		<cxf:proxy-client payload="envelope" enableMuleSoapHeaders="false" soapVersion="1.2"/>
		
		
		
    </before>
<!--  
    <after>
        <mule:set-payload value="POST" />
    </after>
-->  
    <pointcut>
       <api-platform-gw:api-pointcut apiName="{{ apiName }}" apiVersion="{{ apiVersionName }}"/>
    </pointcut>
  
</policy>