<?xml version="1.0" encoding="UTF-8"?>
<domain:mule-domain xmlns="http://www.mulesoft.org/schema/mule/core"
	xmlns:tls="http://www.mulesoft.org/schema/mule/tls" xmlns:http="http://www.mulesoft.org/schema/mule/http"
	xmlns:secure-properties="http://www.mulesoft.org/schema/mule/secure-properties"
	xmlns:domain="http://www.mulesoft.org/schema/mule/ee/domain" xmlns:xsi="http://www.w3.org/2001/XMLSchema-instance"
	xmlns:db="http://www.mulesoft.org/schema/mule/db" xmlns:doc="http://www.mulesoft.org/schema/mule/documentation"
	xsi:schemaLocation="
http://www.mulesoft.org/schema/mule/tls http://www.mulesoft.org/schema/mule/tls/current/mule-tls.xsd 
http://www.mulesoft.org/schema/mule/http http://www.mulesoft.org/schema/mule/http/current/mule-http.xsd 
               http://www.mulesoft.org/schema/mule/core http://www.mulesoft.org/schema/mule/core/current/mule.xsd
               http://www.mulesoft.org/schema/mule/db http://www.mulesoft.org/schema/mule/db/current/mule-db.xsd
               http://www.mulesoft.org/schema/mule/ee/domain http://www.mulesoft.org/schema/mule/ee/domain/current/mule-domain-ee.xsd
               http://www.mulesoft.org/schema/mule/secure-properties http://www.mulesoft.org/schema/mule/secure-properties/current/mule-secure-properties.xsd">

	<!-- configure here resource to be shared within the domain -->
	<secure-properties:config name="Secure_Properties_Config1"
		doc:name="Secure Properties Config" doc:id="e8018bf2-b12e-4114-8be6-dcedc04addba"
		file="domain-project-${domain.env}.properties" key="${domain.key}">
		<secure-properties:encrypt algorithm="Blowfish" />
	</secure-properties:config>

	<tls:context name="domain-https-listener-context" doc:name="TLS Context"
		doc:id="e3b6d978-227b-4b1c-9f30-d562f1f68447">
		<tls:key-store type="jks" path="${secure::domain.keystore.path}"
			alias="${secure::domain.keystore.alias}" keyPassword="${secure::domain.keystore.key.password}"
			password="${secure::domain.keystore.password}" />
	</tls:context>

	<tls:context name="domain-https-request-context" doc:name="TLS Context"
		doc:id="d6be35d9-272f-4d5a-a6b1-992217e26e90">
		<tls:trust-store path="${secure::domain.truststore.path}"
			password="${secure::domain.truststore.password}" type="jks"
			insecure="${secure::domain.truststore.insecure}" />
	</tls:context>

	<http:listener-config name="domain-https-listener-configuration"
		doc:description="HTTPS Listener Configuration" doc:name="HTTPS Listener config">
		<http:listener-connection host="${secure::domain.listener.https.host}"
			port="${secure::domain.listener.https.port}" protocol="HTTPS"
			tlsContext="domain-https-listener-context" />
	</http:listener-config>

	<http:listener-config name="domain-http-listener-configuration"
		doc:description="Https Listener Configuration" doc:name="HTTP Listener config">
		<http:listener-connection host="${secure::domain.listener.http.host}"
			port="${secure::domain.listener.http.port}" />
	</http:listener-config>

	<db:config name="domain_mssql_configuration" doc:name="Database Config"
		doc:id="98b9f0ac-9f32-4aa0-956d-07c3f37219c6">
		<db:mssql-connection host="${domain.mssql.server}"
			port="${domain.mssql.port}" user="${domain.mssql.user}" password="${domain.mssql.password}"
			databaseName="${domain.mssql.database}" />
	</db:config>

</domain:mule-domain>