<?xml version="1.0" encoding="UTF-8"?>
<policy xmlns="http://www.mulesoft.org/schema/mule/policy" id="{{policyId}}"
	policyName="SPNEGO Policy" xmlns:http="http://www.mulesoft.org/schema/mule/http"
	xmlns:spring="http://www.springframework.org/schema/beans" xmlns:doc="http://www.mulesoft.org/schema/mule/documentation"
	xmlns:sec="http://www.springframework.org/schema/security" xmlns:json="http://www.mulesoft.org/schema/mule/json"
	xmlns:mule="http://www.mulesoft.org/schema/mule/core" xmlns:xsi="http://www.w3.org/2001/XMLSchema-instance"
	xmlns:api-platform-gw="http://www.mulesoft.org/schema/mule/api-platform-gw"
	xsi:schemaLocation="http://www.mulesoft.org/schema/mule/policy 
	    http://www.mulesoft.org/schema/mule/policy/current/mule-policy.xsd 
		http://www.springframework.org/schema/beans 
		http://www.springframework.org/schema/beans/spring-beans-current.xsd
        http://www.springframework.org/schema/security
        http://www.springframework.org/schema/security/spring-security-current.xsd      
        http://www.mulesoft.org/schema/mule/core 
        http://www.mulesoft.org/schema/mule/core/current/mule.xsd 
        http://www.mulesoft.org/schema/mule/api-platform-gw 
        http://www.mulesoft.org/schema/mule/api-platform-gw/current/mule-api-platform-gw.xsd 
        http://www.mulesoft.org/schema/mule/http 
        http://www.mulesoft.org/schema/mule/http/current/mule-http.xsd
        http://www.mulesoft.org/schema/mule/json/current/mule-json.xsd">

	<spring:beans>
		<!-- <spring:bean id="spnegoFilter" class="com.mulesoft.filter.kerberos.SpengoAuthenticationFilter"> 
			<spring:property name="authenticationManager" ref="authenticationManager" 
			/> </spring:bean> -->

		<spring:bean id="spnegoFilter"
			class="com.mulesoft.filter.kerberos.SpnegoFilter">
			<spring:property name="authenticationManager" ref="authenticationManager" />
		</spring:bean>

		<spring:bean id="spnegoAuthenticationProcessingFilter"
			class="org.springframework.security.kerberos.web.authentication.SpnegoAuthenticationProcessingFilter">
			<spring:property name="authenticationManager" ref="authenticationManager" />
		</spring:bean>

		<sec:authentication-manager alias="authenticationManager">
			<sec:authentication-provider ref="kerberosServiceAuthenticationProvider" />
		</sec:authentication-manager>

		<spring:bean id="kerberosServiceAuthenticationProvider"
			class="org.springframework.security.kerberos.authentication.KerberosServiceAuthenticationProvider">
			<spring:property name="ticketValidator">
				<spring:bean
					class="com.mulesoft.filter.kerberos.SunJaasKerberosTicketValidator">
					<spring:property name="servicePrincipal" value="test/test@EC2.INTERNAL" />
					<spring:property name="keyTabLocation" value="classpath:krb5.keytab" />
				</spring:bean>
			</spring:property>
			<spring:property name="userDetailsService" ref="dummyUserDetailsService" />
		</spring:bean>

		<spring:bean id="dummyUserDetailsService"
			class="com.mulesoft.filter.kerberos.DummyUserDetailsService" />

	</spring:beans>

	<mule:processor-chain xmlns:mule="http://www.mulesoft.org/schema/mule/core"
		name="policyViolation">
		<!-- Set the HTTP status code to 403: -->
		<mule:set-property propertyName="http.status" value="403" />
		<!-- Set the payload to the description of the violation: -->
		<mule:set-payload value="You shall not pass!" />
	</mule:processor-chain>

	<before>

		<mule:message-filter onUnaccepted="policyViolation">
			<mule:filter doc:name="Filter Reference" ref="spnegoFilter" />
		</mule:message-filter> 
	</before>

	<pointcut>
		<api-platform-gw:api-pointcut apiName="{{ apiName }}"
			apiVersion="{{ apiVersionName }}" />
	</pointcut>
</policy>
