<?xml version="1.0" encoding="UTF-8"?>
<policy xmlns="http://www.mulesoft.org/schema/mule/policy"
        xmlns:xsi="http://www.w3.org/2001/XMLSchema-instance"
        xmlns:mule="http://www.mulesoft.org/schema/mule/core" 
        xmlns:doc="http://www.mulesoft.org/schema/mule/documentation" 
        xmlns:spring="http://www.springframework.org/schema/beans"
        xmlns:mule-ss="http://www.mulesoft.org/schema/mule/spring-security"
        xmlns:api-platform-gw="http://www.mulesoft.org/schema/mule/api-platform-gw"
        xmlns:ss="http://www.springframework.org/schema/security"
        xsi:schemaLocation="http://www.mulesoft.org/schema/mule/policy http://www.mulesoft.org/schema/mule/policy/current/mule-policy.xsd
              http://www.springframework.org/schema/beans http://www.springframework.org/schema/beans/spring-beans-3.1.xsd
              http://www.mulesoft.org/schema/mule/spring-security http://www.mulesoft.org/schema/mule/spring-security/current/mule-spring-security.xsd
              http://www.springframework.org/schema/security http://www.springframework.org/schema/security/spring-security-3.1.xsd
              http://www.mulesoft.org/schema/mule/api-platform-gw http://www.mulesoft.org/schema/mule/api-platform-gw/current/mule-api-platform-gw.xsd">

    <!-- HTTP BASIC AUTH POLICY -->
    <!-- The HTTP basic auth policy adds a validation that requires all requests to contain the Authorization HTTP header, and in -->
    <!-- case it doesn't send back a challenge. It consists of two parts. -->

    <!-- The first part is the configuration of a security manager which in this case is using a mocked up one with a single -->
    <!-- hardcoded user. -->
    <spring:beans>
		<spring:bean id="contextSource"
			class="org.springframework.security.ldap.DefaultSpringSecurityContextSource">
			<spring:constructor-arg value="ldap://localhost:10389" />
			<spring:property name="userDn" value="uid=admin,ou=system" />
			<spring:property name="password" value="secret" />
		</spring:bean>
        <ss:authentication-manager alias="example-authentication-manager">
			<ss:ldap-authentication-provider
				user-search-filter="(cn={0})" user-search-base="ou=users,ou=system"
				group-search-filter="(member={0})" group-search-base="ou=groups,ou=system" />
        </ss:authentication-manager>

    </spring:beans>

    <mule:processor-chain name="rolePolicyViolationBuildResponse">
        <mule:set-property propertyName="http.status" value="403"/> <!-- Set HTTP status code to 403 -->
        <mule:set-property propertyName="Content-Type" value="application/json"/>
        <mule:set-payload value="{&quot;error&quot;:&quot;Authenticated User '#[org.springframework.security.core.context.SecurityContextHolder.getContext().getAuthentication().getPrincipal().getUsername()]' Not Authorized&quot;}"/> <!-- The payload to the description of the violation -->
    </mule:processor-chain>

    <mule-ss:security-manager name="example-security-manager">
        <mule-ss:delegate-security-provider name="example-security-provider" delegate-ref="example-authentication-manager" />
    </mule-ss:security-manager>

    <!-- and the second part is the injection of the filter itself, that uses the previously configured security manager. -->
    <!-- Notice that the injection happens according to the pointcut criteria specified below. -->
    <before>
        <mule-ss:http-security-filter securityManager-ref="example-security-manager" realm="mule-realm" />
        <mule:logger message="#[org.springframework.security.core.context.SecurityContextHolder.getContext().getAuthentication().getPrincipal().getUsername()]" level="INFO" doc:name="Logger"/>
        <mule:logger message="{{role}}" level="INFO" doc:name="Logger"/>
        <mule:set-variable variableName="therole" value="#['role_{{role}}'.toUpperCase()]" doc:name="Variable"/>
        <mule:message-filter throwOnUnaccepted="true" doc:name="Message" onUnaccepted="rolePolicyViolationBuildResponse">
            <mule:expression-filter expression="#[org.springframework.security.core.context.SecurityContextHolder.getContext().getAuthentication().getPrincipal().getAuthorities().contains(new org.springframework.security.core.authority.SimpleGrantedAuthority(flowVars.therole))]"/>
        </mule:message-filter>
    </before>

    <!-- The following provides a custom trait to the RAML of the API if it uses APIkit. Otherwise it is ignored. -->
    <raml-security-scheme id="basic"><![CDATA[
        description: Resource access is protected using basic authentication.
        type: Basic Authentication
        describedBy:
            headers:
                Authorization:
                    description: |
                       Used to send username and password encoded in RFC2045-MIME variant of Base64.
                    type: string
                    example: Basic QWxhZGRpbjpvcGVuIHNlc2FtZQ==
            responses:
                403:
                    description: |
                        Invalid username and password
    ]]></raml-security-scheme>

    <!-- Pointcuts specify where this policy takes effect. It can be as broad as an entire app, or as narrow as an specific -->
    <!-- endpoint. Notice that the endpoint takes regular expressions, making it easier to apply to multiple endpoints at -->
    <!-- at once. -->
    <pointcut>
        <endpoint regex=".*\/api" />
    </pointcut>

</policy>