<?xml version="1.0" encoding="UTF-8"?>
<policy online="true"
        xmlns="http://www.mulesoft.org/schema/mule/policy"
        xmlns:mule="http://www.mulesoft.org/schema/mule/core"
        xmlns:xsi="http://www.w3.org/2001/XMLSchema-instance"
        xmlns:oauth2-gw="http://www.mulesoft.org/schema/mule/oauth2-gw"
        xmlns:api-platform-gw="http://www.mulesoft.org/schema/mule/api-platform-gw"
        xsi:schemaLocation="http://www.mulesoft.org/schema/mule/policy
          http://www.mulesoft.org/schema/mule/policy/current/mule-policy.xsd
          http://www.mulesoft.org/schema/mule/oauth2-gw
          http://www.mulesoft.org/schema/mule/oauth2-gw/current/mule-oauth2-gw.xsd
          http://www.mulesoft.org/schema/mule/api-platform-gw
          http://www.mulesoft.org/schema/mule/api-platform-gw/current/mule-api-platform-gw.xsd
          http://www.mulesoft.org/schema/mule/core http://www.mulesoft.org/schema/mule/core/current/mule.xsd">
          
    <mule:processor-chain name="buildResponse">
        <mule:set-property propertyName="http.status" value="#[_agwStatus]"/>
        {{#isWsdlEndpoint}}
          <mule:set-property propertyName="Content-Type" value="text/xml"/>
          <mule:set-payload value="#[soapFault('client', _agwError)]"/>
        {{/isWsdlEndpoint}}
        {{^isWsdlEndpoint}}
          <mule:set-property propertyName="Content-Type" value="application/json"/>
          <mule:set-payload value="#[_agwError]"/>
        {{/isWsdlEndpoint}}
    </mule:processor-chain>

    <before>
        <oauth2-gw:validate tokenUrl="{{tokenUrl}}" scopes="{{scopes}}"
                                  throwOnUnaccepted="true" onUnaccepted="buildResponse"/>
        <mule:foreach collection="#[flowVars['_agwUser'].keySet()]">
            <mule:expression-component ><![CDATA[
              rootMessage.setOutboundProperty("X-AGW-"+payload, flowVars['_agwUser'][payload]);
            ]]></mule:expression-component>
        </mule:foreach>
    </before>

    <pointcut>
      <api-platform-gw:api-pointcut apiName="{{apiName}}" apiVersion="{{apiVersionName}}"/>
    </pointcut>
</policy>