<?xml version="1.0" encoding="UTF-8"?>
<policy xmlns="http://www.mulesoft.org/schema/mule/policy" xmlns:xsi="http://www.w3.org/2001/XMLSchema-instance" xmlns:spring="http://www.springframework.org/schema/beans"
	xmlns:mule="http://www.mulesoft.org/schema/mule/core" xmlns:mule-ss="http://www.mulesoft.org/schema/mule/spring-security" xmlns:dw="http://www.mulesoft.org/schema/mule/ee/dw"
	xmlns:ss="http://www.springframework.org/schema/security" xmlns:api-platform-gw="http://www.mulesoft.org/schema/mule/api-platform-gw"
	xsi:schemaLocation="http://www.mulesoft.org/schema/mule/policy http://www.mulesoft.org/schema/mule/policy/current/mule-policy.xsd
              http://www.springframework.org/schema/beans http://www.springframework.org/schema/beans/spring-beans-current.xsd
              http://www.mulesoft.org/schema/mule/spring-security http://www.mulesoft.org/schema/mule/spring-security/current/mule-spring-security.xsd
              http://www.springframework.org/schema/security http://www.springframework.org/schema/security/spring-security-current.xsd
              http://www.mulesoft.org/schema/mule/ee/dw http://www.mulesoft.org/schema/mule/ee/dw/current/dw.xsd
              http://www.mulesoft.org/schema/mule/api-platform-gw http://www.mulesoft.org/schema/mule/api-platform-gw/current/mule-api-platform-gw.xsd
              http://www.mulesoft.org/schema/mule/core http://www.mulesoft.org/schema/mule/core/current/mule.xsd">

	<pointcut>
		<api-platform-gw:api-pointcut apiName="{{ apiName }}" apiVersion="{{ apiVersionName }}" />
	</pointcut>

	<before>
		<mule:enricher>
			<mule:processor-chain>
				<mule:byte-array-to-string-transformer />
				<mule:set-variable variableName="requestString" value="#[message.payload.replace('\n','')]" />
				<mule:set-variable variableName="queryString" value="#[message.inboundProperties.'http.query.string']" />
				<dw:transform-message>
					<dw:input-payload mimeType="application/java"/>
					<dw:set-payload><![CDATA[%dw 1.0
%output application/java
%var SQLInjectionRegex = /('(''|[^'])*')|(;)|(\b(ALTER|CREATE|DELETE|DROP|EXEC(UTE){0,1}|INSERT( +INTO){0,1}|MERGE|SELECT|UPDATE|UNION( +ALL){0,1})\b)/
---
(flowVars.requestString contains SQLInjectionRegex) or (flowVars.queryString contains SQLInjectionRegex)
]]></dw:set-payload>
				</dw:transform-message>
				<mule:logger message="#['The regex match result is:' + payload]" level="DEBUG" />
			</mule:processor-chain>

			<!-- Set the result into the variables to use in the filter -->
			<mule:enrich target="#[flowVars.containsSQLpotentialkeywords]" source="#[payload]" />
		</mule:enricher>

		<mule:message-filter onUnaccepted="policy-violation-response">
			<mule:filter ref="access-denied-filter" />
		</mule:message-filter>
	</before>

	<mule:expression-filter name="access-denied-filter" expression="#[flowVars.containsSQLpotentialkeywords == false]" />

	<mule:processor-chain name="policy-violation-response">
		<mule:logger message="The request contains potential SQL-injection keywords" level="INFO" />
		<mule:set-property propertyName="http.status" value="401" />
		<mule:set-property propertyName="Content-Type" value="application/json" />
		<mule:set-payload value='{ "message" : "Access Denied: Potential SQL injection"}' />
	</mule:processor-chain>

</policy>