<?xml version="1.0" encoding="UTF-8"?>
<policy policyName="ACL Method Level Auth"
        xmlns="http://www.mulesoft.org/schema/mule/policy"
        xmlns:xsi="http://www.w3.org/2001/XMLSchema-instance"
        xmlns:spring="http://www.springframework.org/schema/beans"
        xmlns:mule-ss="http://www.mulesoft.org/schema/mule/spring-security"
        xmlns:ss="http://www.springframework.org/schema/security"
        xmlns:api-platform-gw="http://www.mulesoft.org/schema/mule/api-platform-gw"
        xmlns:db="http://www.mulesoft.org/schema/mule/db"
        xmlns:mule="http://www.mulesoft.org/schema/mule/core"
        xsi:schemaLocation="http://www.mulesoft.org/schema/mule/policy http://www.mulesoft.org/schema/mule/policy/current/mule-policy.xsd
              http://www.springframework.org/schema/beans http://www.springframework.org/schema/beans/spring-beans-current.xsd
              http://www.mulesoft.org/schema/mule/spring-security http://www.mulesoft.org/schema/mule/spring-security/current/mule-spring-security.xsd
              http://www.springframework.org/schema/security http://www.springframework.org/schema/security/spring-security-current.xsd
              http://www.mulesoft.org/schema/mule/api-platform-gw http://www.mulesoft.org/schema/mule/api-platform-gw/current/mule-api-platform-gw.xsd
              http://www.mulesoft.org/schema/mule/db http://www.mulesoft.org/schema/mule/db/current/mule-db.xsd
              http://www.mulesoft.org/schema/mule/core http://www.mulesoft.org/schema/mule/core/current/mule.xsd">
             
    <db:mysql-config name="MySql" host="{{dbHost}}" port="{{dbPort}}" database="{{dbName}}" user="{{dbUser}}" password="{{dbPassword}}"/>
    
    <mule:processor-chain name="UnauthorizedResponse">
    	<mule:set-property propertyName="http.status" value="401"/>
    	<mule:set-payload value="Not Authorized"/>
    </mule:processor-chain>
    
    <before>
    	<mule:logger level="INFO" message="REQUEST IS #['http://com.foo.bar' + message.inboundProperties['http.request.path'].substring(4)]"/>
    	
    	<mule:set-variable variableName="RequestTemplate" value="_NONE_"/>
    	<mule:set-variable variableName="HttpMethod" value="#[message.inboundProperties['http.method']]"/>
    	
    	<mule:expression-component>
    		String[] templates = "{{uriTemplates}}".split(",");
    		
    		foreach (t : templates) {
    			System.out.println("Next template is http://com.foo.bar" + t);
    			uriTemplate = new org.springframework.web.util.UriTemplate("http://com.foo.bar" + t);
    			matchFound = uriTemplate.matches("http://com.foo.bar" + message.inboundProperties['http.request.path'].substring(4));
    			System.out.println("Match found - " + matchFound);
    			
    			if (matchFound == true) {
    				System.out.println("Match found: " + t);
    				flowVars['RequestTemplate'] = t;		
    			}
    		}
    	</mule:expression-component>

    	<mule:logger level="INFO" message="TEMPLATE IS #[flowVars['RequestTemplate']]"/>
 		
 		<mule:choice>
 			<mule:when expression="#[flowVars['RequestTemplate'] != '_NONE_']">
		    	<db:select config-ref="MySql">
		    		<db:parameterized-query>
		    			<!-- TODO RESOURCE PROPERTY ???? -->
		    			<![CDATA[
		    			select * from ACL where client_id = #[message.inboundProperties['http.query.params']['client_id']] and resource = #[flowVars['RequestTemplate']]
		    			]]>
		    		</db:parameterized-query>
		    	</db:select>
		    	
		    	<mule:logger level="INFO" message="RESULTS ARE #[message.payload]"/>    
		    	<mule:logger level="INFO" message="Method is #[flowVars['HttpMethod']]"/>    
		    		
		    	<mule:choice>
		    		<mule:when expression="#[message.payload.?size() &gt; 0]">
		    			<mule:set-variable variableName="Authorized" value="#[message.payload[0].get(flowVars['HttpMethod']) == 'Y']"/>    			
		    		</mule:when>
		    		<mule:otherwise>
		    			<mule:set-variable variableName="Authorized" value="#[false]"/>
		    		</mule:otherwise>
		    	</mule:choice>
	    	</mule:when>
	    	<mule:otherwise>
	    		<mule:set-variable variableName="Authorized" value="#[false]"/>
	    	</mule:otherwise>
    	</mule:choice>
    	
    	<mule:logger level="INFO" message="Authorized is #[flowVars['Authorized']]"/>
    	
    	<mule:message-filter onUnaccepted="UnauthorizedResponse">
	    	<mule:expression-filter expression="#[flowVars['Authorized']]"/>
    	</mule:message-filter>
    </before>

     
    <!-- Pointcuts specify where this policy takes effect. 
         The pointcut refers to a specific API and Version. -->
    <pointcut>
        <endpoint regex=".*" />
    </pointcut>

</policy>