<?xml version="1.0" encoding="UTF-8"?>
<policy xmlns="http://www.mulesoft.org/schema/mule/policy"
        xmlns:xsi="http://www.w3.org/2001/XMLSchema-instance"
        xmlns:spring="http://www.springframework.org/schema/beans"
        xmlns:mule="http://www.mulesoft.org/schema/mule/core"
        xmlns:mule-ss="http://www.mulesoft.org/schema/mule/spring-security"
        xmlns:dw="http://www.mulesoft.org/schema/mule/ee/dw"
        xmlns:ss="http://www.springframework.org/schema/security"
        xmlns:api-platform-gw="http://www.mulesoft.org/schema/mule/api-platform-gw"
        xsi:schemaLocation="http://www.mulesoft.org/schema/mule/policy http://www.mulesoft.org/schema/mule/policy/current/mule-policy.xsd
              http://www.springframework.org/schema/beans http://www.springframework.org/schema/beans/spring-beans-current.xsd
              http://www.mulesoft.org/schema/mule/spring-security http://www.mulesoft.org/schema/mule/spring-security/current/mule-spring-security.xsd
              http://www.mulesoft.org/schema/mule/ee/dw http://www.mulesoft.org/schema/mule/ee/dw/current/dw.xsd
              http://www.springframework.org/schema/security http://www.springframework.org/schema/security/spring-security-current.xsd
              http://www.mulesoft.org/schema/mule/api-platform-gw http://www.mulesoft.org/schema/mule/api-platform-gw/current/mule-api-platform-gw.xsd
              http://www.mulesoft.org/schema/mule/core http://www.mulesoft.org/schema/mule/core/current/mule.xsd">

    <pointcut>
        <!--
            This file is a policy template, in the final XML deployed to Mule
            the names surrounded by double bracket will be replaced with
            configuration parameters.
        -->
        <api-platform-gw:api-pointcut apiName="{{apiName}}" apiVersion="{{apiVersionName}}"/>
    </pointcut>

    <after>
        <mule:set-variable variableName="replaceLogicMap" value="{{replaceLogicMap}}" />
      
        <mule:choice>
            <mule:when expression="#[message.dataType.mimeType.contains(&quot;json&quot;)]">
                <dw:transform-message>
                    <dw:input-payload mimeType="application/json"/>
                    <dw:set-payload><![CDATA[%dw 1.0
%output application/json

%function handleArrayReplace(value, parent, replacements)
value map internalReplace($, parent ++ "[$($$)]", replacements)

%function handleObjectReplace(value, parent, replacements)
value mapObject  {
    ($$) : internalReplace($, parent ++ "." ++ $$, replacements)
  }

%function internalReplace(value, parentBranch,replacements)
(
  value 
  match {
    :object -> handleObjectReplace(value, parentBranch, replacements),
    :array -> handleArrayReplace(value, parentBranch, replacements),
    default -> value
})
when (replacements[parentBranch] == null)
otherwise replacements[parentBranch](value)

%function replace(value,replacements)
internalReplace(value,"p",replacements)

---
replace(payload,read(flowVars.replaceLogicMap, "application/dw"))]]></dw:set-payload>
                </dw:transform-message>
            </mule:when>
            <mule:when expression="#[message.dataType.mimeType.contains(&quot;xml&quot;)]">
                <dw:transform-message>
                    <dw:input-payload mimeType="application/xml"/>
                    <dw:set-payload><![CDATA[%dw 1.0
%output application/xml

%function handleArrayReplace(value, parent, replacements)
value map internalReplace($, parent ++ "[$($$)]", replacements)

%function handleObjectReplace(value, parent, replacements)
value mapObject  {
    ($$) : internalReplace($, parent ++ "." ++ $$, replacements)
  }

%function internalReplace(value, parentBranch,replacements)
(
  value 
  match {
    :object -> handleObjectReplace(value, parentBranch, replacements),
    :array -> handleArrayReplace(value, parentBranch, replacements),
    default -> value
})
when (replacements[parentBranch] == null)
otherwise replacements[parentBranch](value)

%function replace(value,replacements)
internalReplace(value,"p",replacements)

---
replace(payload,read(flowVars.replaceLogicMap, "application/dw"))]]></dw:set-payload>
                </dw:transform-message>
            </mule:when>
            <mule:otherwise>
                <mule:logger message="Replace Policy: Unrecognized format" level="WARN" />
            </mule:otherwise>
        </mule:choice>
        <mule:remove-variable variableName="replaceLogicMap" />
    </after>

</policy>