<?xml version="1.0" encoding="UTF-8"?>
<policy xmlns="http://www.mulesoft.org/schema/mule/policy"
        xmlns:xsi="http://www.w3.org/2001/XMLSchema-instance"
        xmlns:mule="http://www.mulesoft.org/schema/mule/core"
        xmlns:api-platform-gw="http://www.mulesoft.org/schema/mule/api-platform-gw"
        xsi:schemaLocation="
              http://www.mulesoft.org/schema/mule/policy http://www.mulesoft.org/schema/mule/policy/current/mule-policy.xsd
              http://www.mulesoft.org/schema/mule/api-platform-gw http://www.mulesoft.org/schema/mule/api-platform-gw/current/mule-api-platform-gw.xsd">

    <before>
        <mule:set-variable variableName="tokenHeader" value="{{ tokenHeader }}"/>
        <mule:set-variable variableName="algorithm" value="{{ algorithm }}"/>
        <mule:set-variable variableName="secret" value="{{ secret }}"/>
        <mule:set-variable variableName="publicKeyBytes" value="{{ publicKey }}"/>
        <mule:set-variable variableName="privateKeyBytes" value="{{ privateKey }}"/>
        
        <mule:enricher target="#[flowVars['claimHeaderNames']]">
            <mule:processor-chain>
                <mule:set-variable variableName="claimHeaders" value="{{ claimHeaders }}"/>
                <mule:set-payload value="#[Arrays.asList(flowVars['claimHeaders'].split(','))]"/>
            </mule:processor-chain>
        </mule:enricher>    
        
        <mule:expression-component>
            <![CDATA[ 
                tokenBuilder = com.auth0.jwt.JWT.create();

                for (int i = 0; i < flowVars['claimHeaderNames'].size(); i++) {
                    String nextName = flowVars['claimHeaderNames'][i];
                    String nextValue = message.inboundProperties[nextName];

                    tokenBuilder = tokenBuilder.withClaim(nextName, nextValue);
                }

                tokenAlgorithm = null;

                if (flowVars['algorithm'] == "HS256") {
                    tokenAlgorithm = com.auth0.jwt.algorithms.Algorithm.HMAC256(flowVars["secret"]);
                } else {
                    factory = java.security.cert.CertificateFactory.getInstance("X.509");

                    delimChar = flowVars['publicKeyBytes'].toString().charAt(27);
                    
                    pkHeader = "-----BEGIN CERTIFICATE-----";
                    pkFooter = "-----END CERTIFICATE-----";
                    
                    pkBody = flowVars['publicKeyBytes'].toString().substring(28).trim();
                    pkBody = pkBody.replace(pkFooter,"").trim();
                    pkBody = pkBody.replaceAll(delimChar,"");

                    byte[] certificateData = java.util.Base64.getDecoder().decode(pkBody);
                    cert = factory.generateCertificate(new ByteArrayInputStream(certificateData));

                    publicKey = cert.getPublicKey();

                    java.security.Security.addProvider(new org.bouncycastle.jce.provider.BouncyCastleProvider());
                    keyFactory = java.security.KeyFactory.getInstance("RSA");
                    converter = new org.bouncycastle.openssl.jcajce.JcaPEMKeyConverter().setProvider("BC");

                    delimChar = flowVars['privateKeyBytes'].toString().charAt(31);
                    pkHeader = "-----BEGIN RSA PRIVATE KEY-----";
                    pkFooter = "-----END RSA PRIVATE KEY-----";
                    pkBody = flowVars['privateKeyBytes'].toString().substring(32).trim();
                    pkBody = pkBody.replace(pkFooter,"").trim();
                    privateKeyString = pkHeader + "\n" + pkBody.replaceAll(delimChar,"\n") + "\n" + pkFooter;

                    parser = new org.bouncycastle.openssl.PEMParser(new java.io.StringReader(privateKeyString));
                    keyPair = parser.readObject();
                    privateKeyInfo = keyPair.getPrivateKeyInfo();
                    privateKey = converter.getPrivateKey(keyPair.getPrivateKeyInfo());

                    tokenAlgorithm = com.auth0.jwt.algorithms.Algorithm.RSA256((java.security.interfaces.RSAPublicKey)publicKey, (java.security.interfaces.RSAPrivateKey)privateKey);
                }

                String jwtToken = tokenBuilder.sign(tokenAlgorithm);

                message.outboundProperties[tokenHeader] = jwtToken;
            ]]>
        </mule:expression-component>
    </before>

       <after-exception>
           <mule:logger level="INFO" message="The after exception block #[org.mule.util.ExceptionUtils.getRootCauseMessage(exception)]" />
       </after-exception>
    <!-- Pointcuts specify where this policy takes effect. It can be as broad as an entire app, or as narrow as an specific -->
    <!-- endpoint. Notice that the endpoint takes regular expressions, making it easier to apply to multiple endpoints at -->
    <!-- at once. -->
    <pointcut>
        <api-platform-gw:api-pointcut apiName="{{ apiName }}" apiVersion="{{ apiVersionName }}"/>
    </pointcut>

</policy>