<?xml version="1.0" encoding="UTF-8"?>
<policy xmlns="http://www.mulesoft.org/schema/mule/policy"
        xmlns:xsi="http://www.w3.org/2001/XMLSchema-instance"
        xmlns:spring="http://www.springframework.org/schema/beans"
        xmlns:mule="http://www.mulesoft.org/schema/mule/core"
        xmlns:mule-ss="http://www.mulesoft.org/schema/mule/spring-security"
        xmlns:ss="http://www.springframework.org/schema/security"
        xmlns:api-platform-gw="http://www.mulesoft.org/schema/mule/api-platform-gw"
        xmlns:dw="http://www.mulesoft.org/schema/mule/ee/dw"
        xsi:schemaLocation="http://www.mulesoft.org/schema/mule/policy http://www.mulesoft.org/schema/mule/policy/current/mule-policy.xsd
              http://www.springframework.org/schema/beans http://www.springframework.org/schema/beans/spring-beans-current.xsd
              http://www.mulesoft.org/schema/mule/spring-security http://www.mulesoft.org/schema/mule/spring-security/current/mule-spring-security.xsd
              http://www.springframework.org/schema/security http://www.springframework.org/schema/security/spring-security-current.xsd
              http://www.mulesoft.org/schema/mule/api-platform-gw http://www.mulesoft.org/schema/mule/api-platform-gw/current/mule-api-platform-gw.xsd
              http://www.mulesoft.org/schema/mule/core http://www.mulesoft.org/schema/mule/core/current/mule.xsd
              http://www.mulesoft.org/schema/mule/ee/dw http://www.mulesoft.org/schema/mule/ee/dw/current/dw.xsd"
        policyName="WS Security UsernameToken to Client Credentials">
    
    <before>
        <mule:choice>
            <mule:when expression="#[payload != null]">
                <dw:transform-message>
                    <dw:input-payload mimeType="application/xml"/>
                    <dw:set-payload><![CDATA[%dw 1.0
%output application/xml
---
payload]]></dw:set-payload>
                    <dw:set-variable variableName="{{ clientIdVar }}"><![CDATA[%dw 1.0
%output application/java
%namespace ns0 http://schemas.xmlsoap.org/soap/envelope/
%namespace ns1 http://docs.oasis-open.org/wss/2004/01/oasis-200401-wss-wssecurity-secext-1.0.xsd
---
payload.ns0#Envelope.ns0#Header.ns1#Security.ns1#UsernameToken.ns1#Username]]></dw:set-variable>
                    <dw:set-variable variableName="{{ clientSecretVar }}"><![CDATA[%dw 1.0
%output application/java
%namespace ns0 http://schemas.xmlsoap.org/soap/envelope/
%namespace ns1 http://docs.oasis-open.org/wss/2004/01/oasis-200401-wss-wssecurity-secext-1.0.xsd
---
payload.ns0#Envelope.ns0#Header.ns1#Security.ns1#UsernameToken.ns1#Password]]></dw:set-variable>
                </dw:transform-message>
            </mule:when>
            <mule:otherwise>
                <mule:logger message="Null payload" level="TRACE"/>
            </mule:otherwise>
        </mule:choice>
    </before>

    <pointcut>
        <api-platform-gw:api-pointcut apiName="{{apiName}}" apiVersion="{{apiVersionName}}" />
    </pointcut>

</policy>