<?xml version="1.0" encoding="UTF-8"?>
<policy xmlns="http://www.mulesoft.org/schema/mule/policy"
        xmlns:mule="http://www.mulesoft.org/schema/mule/core"
        xmlns:xsi="http://www.w3.org/2001/XMLSchema-instance"
        xmlns:api-platform-gw="http://www.mulesoft.org/schema/mule/api-platform-gw"
        xsi:schemaLocation="http://www.mulesoft.org/schema/mule/policy http://www.mulesoft.org/schema/mule/policy/current/mule-policy.xsd
              http://www.mulesoft.org/schema/mule/core http://www.mulesoft.org/schema/mule/core/current/mule.xsd
              http://www.mulesoft.org/schema/mule/api-platform-gw http://www.mulesoft.org/schema/mule/api-platform-gw/current/mule-api-platform-gw.xsd">
  
  <!-- This section builds response messages when the policy fails. -->
    <mule:processor-chain xmlns:mule="http://www.mulesoft.org/schema/mule/core" name="policyViolation">
      <!-- Set the HTTP status code to 403: -->
    	<mule:set-property propertyName="http.status" value="403"/>    
      	<mule:set-property propertyName="Content-Type" value="application/json"/>
      <!-- Set the payload to the description of the violation: -->
      	<mule:set-payload value="You shall not paaaaa..."/>
    </mule:processor-chain>
				
    <before>
		<mule:enricher target="flowVars['match']">			
			<mule:processor-chain>
				<mule:byte-array-to-string-transformer/>
				<mule:set-variable variableName="requestStr" value="#[message.payload.replace('\n','')]"/>
				<mule:logger level="INFO" message="PAYLOAD IS #[flowVars['requestStr']]"/>
				<mule:set-payload value="{{sqlKeywords}}"/>
				<mule:expression-component>
					<![CDATA[
					String[] sqlKeywords = payload.split(",");
					if (sqlKeywords.length <= 1) {
						return "";
					}

					String patternStr = "(?i).*(";
					for (int i = 0; i < sqlKeywords.length; i++) {
						patternStr += "\\b" + sqlKeywords[i].trim() + "\\b";
						if (i != sqlKeywords.length - 1) {
							patternStr += "|";
						}
					}
					patternStr += ").*";
					
					payload = flowVars['requestStr'].matches(patternStr);
					]]>
				</mule:expression-component>	
			</mule:processor-chain>	
		</mule:enricher>	
		<mule:logger level="INFO" message="MATCH IS #[flowVars['match']]"/>
		<mule:message-filter xmlns:mule="http://www.mulesoft.org/schema/mule/core" onUnaccepted="policyViolation">
			<mule:expression-filter xmlns:mule="http://www.mulesoft.org/schema/mule/core" expression="#[flowVars['match'] != true]" name="SqlInjectionFilter"/>
		</mule:message-filter>
    </before>
<!--  
    <after>
        <mule:set-payload value="POST" />
    </after>
-->  
    <pointcut>
       <api-platform-gw:api-pointcut apiName="{{ apiName }}" apiVersion="{{ apiVersionName }}"/>
    </pointcut>
  
</policy>