<?xml version="1.0" encoding="UTF-8"?>
<policy online="true"
        xmlns="http://www.mulesoft.org/schema/mule/policy"
        xmlns:xsi="http://www.w3.org/2001/XMLSchema-instance"
        xmlns:api-platform-gw="http://www.mulesoft.org/schema/mule/api-platform-gw"
        xmlns:throttling-gw="http://www.mulesoft.org/schema/mule/throttling-gw"
        xmlns:https="http://www.mulesoft.org/schema/mule/https"
        xmlns:http="http://www.mulesoft.org/schema/mule/http"
        xmlns:json="http://www.mulesoft.org/schema/mule/json"
        xmlns:doc="http://www.mulesoft.org/schema/mule/documentation"
        xmlns:scripting="http://www.mulesoft.org/schema/mule/scripting" 
        xmlns:mule="http://www.mulesoft.org/schema/mule/core"
        xmlns:mulexml="http://www.mulesoft.org/schema/mule/xml"
        xsi:schemaLocation="http://www.mulesoft.org/schema/mule/policy http://www.mulesoft.org/schema/mule/policy/current/mule-policy.xsd
        	  http://www.mulesoft.org/schema/mule/core http://www.mulesoft.org/schema/mule/core/current/mule.xsd
              http://www.mulesoft.org/schema/mule/api-platform-gw http://www.mulesoft.org/schema/mule/api-platform-gw/current/mule-api-platform-gw.xsd
              http://www.mulesoft.org/schema/mule/throttling-gw http://www.mulesoft.org/schema/mule/throttling-gw/current/mule-throttling-gw.xsd
			  http://www.mulesoft.org/schema/mule/http http://www.mulesoft.org/schema/mule/http/current/mule-http.xsd
			  http://www.mulesoft.org/schema/mule/https http://www.mulesoft.org/schema/mule/https/current/mule-https.xsd
			  http://www.mulesoft.org/schema/mule/json http://www.mulesoft.org/schema/mule/json/current/mule-json.xsd
			  http://www.mulesoft.org/schema/mule/scripting http://www.mulesoft.org/schema/mule/scripting/current/mule-scripting.xsd
			  http://www.mulesoft.org/schema/mule/xml http://www.mulesoft.org/schema/mule/xml/current/mule-xml.xsd">

  <throttling-gw:policy enableStatistics="true" notifyEveryExceededRequest="false" id="{{policyId}}-gold-policy">
      <throttling-gw:delay-response delayTimeInMillis="{{delayTimeInMillis}}" delayAttempts="{{delayAttempts}}"/>
      <api-platform-gw:sla-based-algorithm apiId="{{referenceAPIId}}" apiVersionId="{{referenceAPIVersionId}}" clientIdExpression="{{goldId}}" clientSecretExpression="{{goldSecret}}"/>
  </throttling-gw:policy>

  <throttling-gw:policy enableStatistics="true" notifyEveryExceededRequest="false" id="{{policyId}}-silver-policy">
      <throttling-gw:delay-response delayTimeInMillis="{{delayTimeInMillis}}" delayAttempts="{{delayAttempts}}"/>
      <api-platform-gw:sla-based-algorithm apiId="{{referenceAPIId}}" apiVersionId="{{referenceAPIVersionId}}" clientIdExpression="{{silverId}}" clientSecretExpression="{{silverSecret}}"/>
  </throttling-gw:policy>

  <mule:processor-chain name="failedRouting">
      <mule:set-payload value="#[flowVars['auth-result'].get('response')]"/>
       <mule:set-property propertyName="http.status" value="401"/>
       <mule:set-property propertyName="Content-Type" value="text/xml"/>
  </mule:processor-chain>
        
  <before>
    <mule:byte-array-to-string-transformer/>
  	<mule:enricher source="#[payload]" target="#[flowVars['auth-result']]">
		<mule:processor-chain name="authRouting">		
	        <mule:choice>
	            <mule:when expression="#[message.inboundProperties['Content-Type'] == 'application/json']">
                    <json:json-to-object-transformer returnClass="java.util.HashMap"/>
                    <mule:set-variable variableName="clientId" value="#[payload.get('SecurityHeader').get('clientId')]"/>
                    <mule:set-variable variableName="authToken" value="#[payload.get('SecurityHeader').get('authToken')]"/>
                    <mulexml:object-to-xml-transformer/>
			        <mulexml:xslt-transformer maxIdleTransformers="1" maxActiveTransformers="1">
						<mulexml:xslt-text>
							<xsl:stylesheet version="2.0" xmlns:xsl="http://www.w3.org/1999/XSL/Transform" 
								xmlns:cdm="http://csi.cingular.com/CSI/Namespaces/Types/Public/CingularDataModel.xsd"
								xmlns:xsd="http://www.w3.org/2001/XMLSchema"
								xmlns:mh="http://csi.cingular.com/CSI/Namespaces/Types/Public/MessageHeader.xsd"
								xmlns:q0="http://csi.cingular.com/CSI/Namespaces/Container/Public/ValidateAddressServiceAvailabilityRequest.xsd"
								xmlns:soapenv="http://schemas.xmlsoap.org/soap/envelope/">
							  <xsl:output omit-xml-declaration="yes" method="xml"/>
							  <xsl:param name="userName" select="''"/>
							  <xsl:param name="userPassword" select="''"/>
							  <xsl:template match="/">	
							  	<soapenv:Envelope>
									<soapenv:Header>
									  <mh:MessageHeader>
									    <mh:SecurityMessageHeader>
									      <cdm:userName><xsl:value-of select="$userName"/></cdm:userName>
									      <cdm:userPassword><xsl:value-of select="$userPassword"/></cdm:userPassword>
									    </mh:SecurityMessageHeader>
									  </mh:MessageHeader>
									</soapenv:Header>
	   								<soapenv:Body>
	      								<q0:ValidateAddressServiceAvailabilityRequest>
	        								<q0:mode/>
										</q0:ValidateAddressServiceAvailabilityRequest>
									</soapenv:Body>
								</soapenv:Envelope>
							  </xsl:template>
							</xsl:stylesheet>
						</mulexml:xslt-text>
						<mulexml:context-property key="userName" value="#[flowVars['clientId']]"/>
						<mulexml:context-property key="userPassword" value="#[flowVars['authToken']]"/>
			        </mulexml:xslt-transformer>
	            </mule:when>
	            <mule:otherwise>
	                <mule:logger message="XML payload" level="DEBUG"/>
	            </mule:otherwise>
	        </mule:choice>
	       <mule:set-property propertyName="Content-Type" value="#['text/xml']" />
 	       <http:outbound-endpoint method="POST" exchange-pattern="request-response" address="{{authURL}}" mimeType="text/xml"/>
	       <scripting:transformer>
	           <scripting:script engine="Groovy"><![CDATA[def xml = new XmlParser().parse(payload);
	def S = new groovy.xml.Namespace("http://schemas.xmlsoap.org/soap/envelope/");
	def ns15 = new groovy.xml.Namespace("http://bidc.att.com/partnerexchange/authorize/acr/authorizeclientresponse");
	def ns2 = new groovy.xml.Namespace("http://bidc.att.com/partnerexchange/authorize/datamodel");
	
	def authResponse = xml.depthFirst().findAll{it.name() == ns15.authorizationResponse};
	
	def responseCode = authResponse[0][ns15.response][ns2.code].text();
	
	def tier_level = 'none';	
	
	if (responseCode == '0') {
		def pairs = xml.depthFirst().findAll{it.name() == ns2.nameValuePair};
		
		for (pair in pairs) {
			if (pair[ns2.name].text() == 'tier_level') {
				tier_level = pair[ns2.value].text();
			}
		}	
	}
	
	def outxml = groovy.xml.XmlUtil.serialize(xml);
	def out = [response:outxml, code:responseCode, tier:tier_level, http_status:message.getInboundProperty('http.status')];
	
	return out;]]></scripting:script>
	       </scripting:transformer>
		</mule:processor-chain>
      </mule:enricher>
    <!-- First, check for auth -->
    <mule:message-filter onUnaccepted="failedRouting">
        <mule:expression-filter expression="#[flowVars['auth-result'].get('http_status') == '200']"/>
    </mule:message-filter>
    <!-- Second, check for level -->
    <mule:choice>
        <mule:when expression="#[flowVars['auth-result'].get('tier') == 'gold' || flowVars['auth-result'].get('tier') == 'platinum']">
            <throttling-gw:throttle throttling-policy-ref="{{policyId}}-gold-policy" />
        </mule:when>
        <mule:otherwise>
            <throttling-gw:throttle throttling-policy-ref="{{policyId}}-silver-policy" />
        </mule:otherwise>
    </mule:choice>
  </before>

  <pointcut>
    <api-platform-gw:api-pointcut apiName="{{ apiName }}" apiVersion="{{ apiVersionName }}"/>
  </pointcut>

</policy>
