<?xml version="1.0" encoding="UTF-8"?>
<policy xmlns="http://www.mulesoft.org/schema/mule/policy"
        xmlns:xsi="http://www.w3.org/2001/XMLSchema-instance"
        xmlns:spring="http://www.springframework.org/schema/beans"
        xmlns:mule="http://www.mulesoft.org/schema/mule/core"
        xmlns:mule-ss="http://www.mulesoft.org/schema/mule/spring-security"
        xmlns:ss="http://www.springframework.org/schema/security"
        xmlns:api-platform-gw="http://www.mulesoft.org/schema/mule/api-platform-gw"
        xmlns:doc="http://www.mulesoft.org/schema/mule/documentation"
        xsi:schemaLocation="http://www.mulesoft.org/schema/mule/policy http://www.mulesoft.org/schema/mule/policy/current/mule-policy.xsd
              http://www.springframework.org/schema/beans http://www.springframework.org/schema/beans/spring-beans-current.xsd
              http://www.mulesoft.org/schema/mule/spring-security http://www.mulesoft.org/schema/mule/spring-security/current/mule-spring-security.xsd
              http://www.springframework.org/schema/security http://www.springframework.org/schema/security/spring-security-current.xsd
              http://www.mulesoft.org/schema/mule/api-platform-gw http://www.mulesoft.org/schema/mule/api-platform-gw/current/mule-api-platform-gw.xsd
              http://www.mulesoft.org/schema/mule/core http://www.mulesoft.org/schema/mule/core/current/mule.xsd">
    <!--
        This is a custom policy example to help you get started.
        It's a policy that filters HTTP requests based on a MEL expression.

        The policy has two configuration parameters (see the YAML file):
        - query: a MEL expression to determine which messages to filter.
        - denied-message: a message to display in the response when the
          filter is applied.

        For more information about creating custom policies see:
        https://docs.mulesoft.com/api-manager/creating-a-policy-walkthrough
        and
        https://docs.mulesoft.com/api-manager/applying-custom-policies
    -->


  <spring:beans xmlns:spring="http://www.springframework.org/schema/beans" xmlns:ss="http://www.springframework.org/schema/security">
    <ss:authentication-manager alias="authentication-manager">
      <ss:authentication-provider>
        <ss:user-service id="userService">
          <ss:user name="{{ user1 }}" password="{{ pass1 }}" authorities="{{ role1 }}"/>
          <ss:user name="{{ user2 }}" password="{{ pass2 }}" authorities="{{ role2 }}"/>
        </ss:user-service>
      </ss:authentication-provider>
    </ss:authentication-manager>
  </spring:beans>
  <mule-ss:security-manager xmlns:mule-ss="http://www.mulesoft.org/schema/mule/spring-security" name="security-manager">
    <mule-ss:delegate-security-provider name="security-provider" delegate-ref="authentication-manager"/>
  </mule-ss:security-manager>
  
    <pointcut>
        <api-platform-gw:api-pointcut apiName="{{ apiName }}" apiVersion="{{ apiVersionName }}"/>
    </pointcut>

    <before>
	    <mule-ss:http-security-filter xmlns:mule-ss="http://www.mulesoft.org/schema/mule/spring-security" realm="mule-realm" securityManager-ref="security-manager"/>
	    <mule:enricher doc:name="Message Enricher" target="flowVars['principal']" >
            <mule:processor-chain doc:name="Processor Chain">
            	<mule:set-payload value="#[message.inboundProperties.'Authorization'.replace('Basic ','')]" doc:name="Get Session"/>
	    		<mule:base64-decoder-transformer></mule:base64-decoder-transformer>
        		<mule:byte-array-to-object-transformer doc:name="Byte Array to Object"/>
        		<mule:set-payload value="#[payload.substring(0,payload.indexOf(':'))]" doc:name="Set Payload"/>
            </mule:processor-chain>
        </mule:enricher>
        <mule:set-variable variableName="roles" value="#[{{ roles }}]" doc:name="variable"/>
        <mule:set-property propertyName="principal" value="#[flowVars['principal']]" doc:name="Property"/>
	    <mule:set-property propertyName="roles" value="#[flowVars['roles'].get(principal)]" doc:name="Property"/>
	    <mule:logger message="#[message]" level="INFO" doc:name="Logger"/>

    </before>

</policy>