<?xml version="1.0" encoding="UTF-8"?>
<policy xmlns="http://www.mulesoft.org/schema/mule/policy"
        xmlns:xsi="http://www.w3.org/2001/XMLSchema-instance"
        xmlns:spring="http://www.springframework.org/schema/beans"
        xmlns:mule="http://www.mulesoft.org/schema/mule/core"
        xmlns:mule-ss="http://www.mulesoft.org/schema/mule/spring-security"
        xmlns:ss="http://www.springframework.org/schema/security"
        xmlns:api-platform-gw="http://www.mulesoft.org/schema/mule/api-platform-gw"
        xmlns:scripting="http://www.mulesoft.org/schema/mule/scripting"
        xmlns:objectstore="http://www.mulesoft.org/schema/mule/objectstore"
        xmlns:vm="http://www.mulesoft.org/schema/mule/vm"
        xsi:schemaLocation="http://www.mulesoft.org/schema/mule/policy http://www.mulesoft.org/schema/mule/policy/current/mule-policy.xsd
              http://www.springframework.org/schema/beans http://www.springframework.org/schema/beans/spring-beans-current.xsd
              http://www.mulesoft.org/schema/mule/spring-security http://www.mulesoft.org/schema/mule/spring-security/current/mule-spring-security.xsd
              http://www.springframework.org/schema/security http://www.springframework.org/schema/security/spring-security-current.xsd
              http://www.mulesoft.org/schema/mule/api-platform-gw http://www.mulesoft.org/schema/mule/api-platform-gw/current/mule-api-platform-gw.xsd
              http://www.mulesoft.org/schema/mule/core http://www.mulesoft.org/schema/mule/core/current/mule.xsd
              http://www.mulesoft.org/schema/mule/objectstore http://www.mulesoft.org/schema/mule/objectstore/current/mule-objectstore.xsd
              http://www.mulesoft.org/schema/mule/scripting http://www.mulesoft.org/schema/mule/scripting/current/mule-scripting.xsd
              http://www.mulesoft.org/schema/mule/vm http://www.mulesoft.org/schema/mule/vm/current/mule-vm.xsd">
   
   			 <vm:connector name="VM" validateConnections="true"/>
   
   
   		  <spring:beans>
			<spring:bean id="ObjectStore_Connector" name="ObjectStore_Connector_Bean" class="org.mule.util.store.ManagedObjectStore">
		            <spring:property name="storeName" value="ObjectStore_Connector"/>
		          
		        </spring:bean>
  		</spring:beans>
   
   
    <pointcut>
        <api-platform-gw:api-pointcut apiName="{{ apiName }}" apiVersion="{{ apiVersionName }}"/>
    </pointcut>

    <before>
    	   <mule:logger message="Got request with params: wait_time: {{ wait_time }} , max_error_count: {{max_error_count}}" level="INFO" />
          
           <mule:set-payload value="#[app.registry['ObjectStore_Connector'].contains('init')]"/>
           <!--  <mule:logger message="init state: #[payload]" level="INFO" /> -->
           <mule:choice>
            	<mule:when expression="#[payload == false]">
               	<mule:processor ref="initialize" />
           	 </mule:when>
           	 <mule:otherwise>
                <mule:logger message="CircuitBreakerPolicy already initialized" level="INFO"/>
           	 </mule:otherwise>
        	</mule:choice>
     	   <mule:set-payload value="#[app.registry['ObjectStore_Connector'].retrieve('circuit_state')]"/>
     	     <mule:choice>
	            <mule:when expression="#[payload == 1]">
	            	<mule:logger level="INFO" message="Circuit Breaker Tripped ! returning stock Answer !"/>
	                <mule:processor ref="CircuitBreakerProjectFlow_unavailableMessage" />
	            </mule:when>
	            <mule:otherwise>
	                 <mule:logger level="INFO"  message="Forwarding request to API !"/>
	            </mule:otherwise>
        	</mule:choice>
    </before>

 
    <after>
    	
    	   <mule:byte-array-to-string-transformer />
           <mule:logger message="Got response from API: #[payload]" level="INFO" />
              
             <mule:choice>
            	<mule:when expression="#[payload.contains('Error') || payload.contains('error') || payload.contains('Exception') 
            		|| payload.contains('exception') || payload.contains('Fault') || payload.contains('fault')]">
            		<mule:logger message="Got error !" level="INFO" />
            	    <mule:set-variable variableName="error_message" value="#[payload]"/>
               		<mule:processor ref="CircuitBreakerProject_handleError" />
           	 </mule:when>
           	 <mule:otherwise>
                <mule:logger message="Good Response !" level="INFO"/>
           	 </mule:otherwise>
        	</mule:choice>
           
    </after>

<!-- ======== Additional Flows======== -->
 <mule:processor-chain xmlns:mule="http://www.mulesoft.org/schema/mule/core" name="initialize">
    <mule:logger message="Initiailizing CircuitBreaker Policy !" level="INFO"/>
   <!--
    <scripting:component>
      	<scripting:script engine="Groovy">
      			import org.mule.api.MuleContext;
				import org.mule.api.MuleEventContext;
				import org.mule.api.MuleMessage;
				import org.mule.api.context.MuleContextAware;
				import org.mule.util.store.ManagedObjectStore;
               
                def objectStore = muleContext.getRegistry().lookupObject('ObjectStore_Connector');
                objectStore.store('max_error_count',{{max_error_count}},true);
                objectStore.store('wait_time',{{wait_time}},true);
                objectStore.store('circuit_state',0,true);
                objectStore.store('error_counter',0,true);
                objectStore.store('init',1,true);
      	</scripting:script>
     </scripting:component>
   -->
    <mule:expression-component><![CDATA[										
    			if (!app.registry['ObjectStore_Connector'].contains('max_error_count'))
					app.registry['ObjectStore_Connector'].store('max_error_count', {{max_error_count}});
				if (!app.registry['ObjectStore_Connector'].contains('wait_time'))
					app.registry['ObjectStore_Connector'].store('wait_time', {{wait_time}});
				if (!app.registry['ObjectStore_Connector'].contains('init'))
	            	app.registry['ObjectStore_Connector'].store('init',1);	
				if (!app.registry['ObjectStore_Connector'].contains('circuit_state'))
					app.registry['ObjectStore_Connector'].store('circuit_state',0);
				if (!app.registry['ObjectStore_Connector'].contains('error_counter'))
	            	app.registry['ObjectStore_Connector'].store('error_counter',0);]]>
			</mule:expression-component>		
     
 
   </mule:processor-chain>
   
   <mule:processor-chain xmlns:mule="http://www.mulesoft.org/schema/mule/core" name="CircuitBreakerProject_handleError">
   		  <mule:logger message="Handling Error" level="INFO" />
   		 
   		 <mule:set-payload value="#[app.registry['ObjectStore_Connector'].retrieve('circuit_state')]"/>
         <mule:set-variable variableName="c_state" value="#[payload]" />
   		 <mule:set-payload value="#[app.registry['ObjectStore_Connector'].retrieve('max_error_count')]"/>
         <mule:set-variable variableName="max_err_count" value="#[payload]" />
         <mule:set-payload value="#[app.registry['ObjectStore_Connector'].retrieve('error_counter')]"/>
 
        <mule:choice>
            <mule:when expression="#[ payload &gt; flowVars.max_err_count &amp;&amp; flowVars.c_state==0 ]">
                <mule:logger message="Error Threshold Reached ! Triggering Breaker !" level="INFO"/>
                
                 <mule:expression-component><![CDATA[										
					app.registry['ObjectStore_Connector'].remove('circuit_state');
					app.registry['ObjectStore_Connector'].store('circuit_state',1);
					app.registry['ObjectStore_Connector'].remove('error_counter');
	            	app.registry['ObjectStore_Connector'].store('error_counter',0);
	              	]]>
				</mule:expression-component>
				<!-- 
				<mule:processor ref="CircuitBreakerProjectFlow_timer"/>
				  -->
				<mule:async>		
                	<mule:processor ref="CircuitBreakerProjectFlow_timer"/>
                </mule:async>
              
                <mule:processor ref="CircuitBreakerProjectFlow_unavailableMessage"/>
             </mule:when>
            <mule:otherwise>
            	 <mule:choice>
            		<mule:when expression="#[flowVars.c_state == 0]">
            		    <mule:expression-transformer mimeType="application/java" expression="#[payload +1]"/>
	                	<mule:logger message="Error Count: #[payload]" level="INFO"/>
	                 	<mule:expression-component><![CDATA[										
							app.registry['ObjectStore_Connector'].remove('error_counter');
							app.registry['ObjectStore_Connector'].store('error_counter',payload);
			              	]]>
						</mule:expression-component>   	
						<mule:processor ref="CircuitBreakerProjectFlow_exception"/>
            		</mule:when>
            		<mule:otherwise>
            			<mule:logger message="Circuit Tripped - not counting !" level="INFO"/>
            			<mule:processor ref="CircuitBreakerProjectFlow_unavailableMessage"/>
            		</mule:otherwise>
            	</mule:choice>
            	
               
            </mule:otherwise>
        </mule:choice>
   		  
   		  
   		  
   		  
   </mule:processor-chain>
   
    <mule:processor-chain xmlns:mule="http://www.mulesoft.org/schema/mule/core" name="CircuitBreakerProjectFlow_unavailableMessage">
   			<mule:logger message="Sending Unavailable Message" level="INFO" />
   			<mule:message-properties-transformer>
            	<mule:add-message-property key="Status" value="503"/>
            	<mule:add-message-property key="Content-type" value="text/html; charset=utf-8"/>
        </mule:message-properties-transformer>
        <mule:set-payload value="Service Not available ! Please try again later ! ETA {{wait_time}} ms"/>
   </mule:processor-chain>
   
   <mule:processor-chain xmlns:mule="http://www.mulesoft.org/schema/mule/core" name="CircuitBreakerProjectFlow_timer">
   		
   		<mule:set-payload value="#[app.registry['ObjectStore_Connector'].retrieve('wait_time')]"/>
        <mule:logger message="Starting timer ! Sleeping for #[payload] ms !" level="INFO"/>
        <!-- 
         <scripting:component>
	      	<scripting:script engine="Groovy"><![CDATA[
	      	
	      			import org.mule.api.MuleContext;
					import org.mule.api.MuleEventContext;
					import org.mule.api.MuleMessage;
					import org.mule.api.context.MuleContextAware;
					import org.mule.util.store.ManagedObjectStore;
					
					log.info("Waiting time:"+payload);
					
					def newThread = Thread.start{
  							sleep(payload);
  							log.info("Waking up from sleep !");
						
							def objectStore = muleContext.getRegistry().lookupObject('ObjectStore_Connector');
							
			              	objectStore.remove('circuit_state');
			                objectStore.store('circuit_state',0);
						};
					
						
						]]>
	      	</scripting:script>
	      	
    	 </scripting:component>
        -->
        
        <mule:expression-component><![CDATA[Thread.sleep(payload)]]></mule:expression-component>
        
        <mule:logger message="Waking up from sleep !" level="INFO"/>
          <mule:expression-component><![CDATA[										
					app.registry['ObjectStore_Connector'].remove('circuit_state');
					app.registry['ObjectStore_Connector'].store('circuit_state',0);
	              	]]>
			</mule:expression-component>   	
		
   </mule:processor-chain>
   
   
    <mule:processor-chain xmlns:mule="http://www.mulesoft.org/schema/mule/core" name="CircuitBreakerProjectFlow_exception">
    	<mule:logger message="Setting Exception !" level="INFO" />
    	  <mule:message-properties-transformer>
            <mule:add-message-property key="Content-type" value="text/html; charset=utf-8"/>
            <mule:add-message-property key="Status" value="500"/>
        </mule:message-properties-transformer>
        <mule:set-payload value="#[flowVars.error_message]"/>
   </mule:processor-chain>
   
   
</policy>