<?xml version="1.0" encoding="UTF-8"?>
<policy online="true" id="{{policyId}}" policyName="oauthValidator"
    xmlns="http://www.mulesoft.org/schema/mule/policy" 
    xmlns:xsi="http://www.w3.org/2001/XMLSchema-instance"
    xmlns:throttling-gw="http://www.mulesoft.org/schema/mule/throttling-gw"
    xmlns:api-platform-gw="http://www.mulesoft.org/schema/mule/api-platform-gw"
    xmlns:mule="http://www.mulesoft.org/schema/mule/core"
    xmlns:http="http://www.mulesoft.org/schema/mule/http"
    xmlns:json="http://www.mulesoft.org/schema/mule/json"
     xmlns:scripting="http://www.mulesoft.org/schema/mule/scripting"
    xsi:schemaLocation="
        http://www.mulesoft.org/schema/mule/policy http://www.mulesoft.org/schema/mule/policy/current/mule-policy.xsd
        http://www.mulesoft.org/schema/mule/http http://www.mulesoft.org/schema/mule/http/current/mule-http.xsd
        http://www.mulesoft.org/schema/mule/core http://www.mulesoft.org/schema/mule/core/current/mule.xsd
        http://www.mulesoft.org/schema/mule/scripting http://www.mulesoft.org/schema/mule/scripting/current/mule-scripting.xsd
        http://www.mulesoft.org/schema/mule/throttling-gw http://www.mulesoft.org/schema/mule/throttling-gw/current/mule-throttling-gw.xsd
        http://www.mulesoft.org/schema/mule/api-platform-gw http://www.mulesoft.org/schema/mule/api-platform-gw/current/mule-api-platform-gw.xsd
        http://www.mulesoft.org/schema/mule/json http://www.mulesoft.org/schema/mule/json/current/mule-json.xsd
 ">

    <mule:expression-filter expression="#[invalidToken == false]" name="InvalidTokenExpressionFilter"/>
    <mule:processor-chain name="policyViolation">
        <mule:set-property propertyName="http.status" value="403"/>
        <mule:set-property propertyName="Content-Type" value="application/json"/>
        <mule:set-payload value='{"message" : "Invalid or missing token"}'/>
    </mule:processor-chain>

    <before>
         <mule:logger message="'Policy hit! {{ muleClientId }} - {{ muleClientSecret }} - {{ idpHost }} - {{ idpPort }} - {{ idpUri }} - {{ grantType }}'" level="INFO" />
        <!-- save original payload -->
        <mule:set-variable variableName="originalPayload" value="#[payload]" />

        <mule:enricher target="flowVars['statusCode']">
          <mule:processor-chain>
            <mule:logger message="Authorization is #[message.inboundProperties['Authorization']]" level="INFO" />
             <mule:choice>
                <!-- if authorization header is missing or too small, set status code to 0-->
                <mule:when expression="#[(message.inboundProperties['Authorization'] == null) ? true : (message.inboundProperties['Authorization'].length() &lt; 8)]">
                    <mule:set-payload value="'0'" />
                </mule:when>
                <mule:otherwise>
                    <!-- body of reuest to idp-->
                    <mule:set-payload value="#[['grant_type' : '{{ grantType }}', 'token' : message.inboundProperties['Authorization'].substring(7)]]"/>
                    <!-- client id and secret as Basic Auth-->
                    <mule:message-properties-transformer>
                        <mule:add-message-property key="Authorization" value="#['Basic '+java.util.Base64.getUrlEncoder().encodeToString('{{ muleClientId }}:{{ muleClientSecret }}'.getBytes(java.nio.charset.StandardCharsets.UTF_8))]"/>
                    </mule:message-properties-transformer>
                    <!-- call to idp-->
                    <http:outbound-endpoint exchange-pattern="request-response" responseTimeout="100000" method="POST" address="http://{{ idpHost }}:{{ idpPort }}{{ idpUri }}" contentType="application/x-www-form-urlencoded"/>
                    <mule:logger message="message received from idp is #[message.payloadAs(java.lang.String)]" level="INFO" />
                    <mule:set-payload value="#[message.inboundProperties.'http.status']" />
                </mule:otherwise>
            </mule:choice>
          </mule:processor-chain>
        </mule:enricher>        

        <!-- only accept 200 status code -->
        <mule:set-variable variableName="invalidToken" value="#[statusCode != '200']" />
        <mule:logger message="status code is #[statusCode]" level="INFO" />
        <mule:logger message="Invalid Token is #[invalidToken]" level="INFO" />

        <mule:message-filter onUnaccepted="policyViolation">
            <mule:filter ref="InvalidTokenExpressionFilter" />
        </mule:message-filter>          


        <!-- Restore original payload -->
        <mule:set-payload value="#[flowVars['originalPayload']]" />
        <!-- Cleanup -->
        <mule:remove-variable variableName="statusCode"  />
        <mule:remove-variable variableName="invalidToken" />
        <mule:remove-variable variableName="originalPayload" />
     </before>

    <pointcut>
        <api-platform-gw:api-pointcut apiName="{{ apiName }}" apiVersion="{{ apiVersionName }}"/>
    </pointcut>

</policy> 